id,name,description,image,price,ingredients,category
1,Bún Mọc,"Món bún có nước dùng thanh nấu từ xương heo, ăn kèm mọc (viên thịt heo xay trộn mộc nhĩ), chả lụa, nấm hương và hành ngò.",https://res.cloudinary.com/dai92e7cq/image/upload/v1746704368/B%C3%BAn_M%E1%BB%8Dc_xkmu0t.jpg,45000,"Bún, xương heo, thịt heo xay, mộc nhĩ, chả lụa, hành, gia vị",Bữa sáng tiện lợi
2,Bánh Đúc Nóng,"Bánh đúc làm từ bột gạo, ăn nóng với thịt băm xào mộc nhĩ, hành phi, nước mắm ngọt và rau thơm.",https://res.cloudinary.com/dai92e7cq/image/upload/v1746704367/B%C3%A1nh_%C4%90%C3%BAc_N%C3%B3ng_zp9xgx.jpg,30000,"Bột gạo, thịt heo, mộc nhĩ, hành phi, nước mắm, rau thơm",Bữa sáng tiện lợi
3,Mì Xào Giòn,"Mì chiên giòn, rưới nước sốt sệt nấu từ rau củ, hải sản hoặc thịt bò, tạo độ tương phản giữa giòn và mềm.",https://res.cloudinary.com/dai92e7cq/image/upload/v1746704367/M%C3%AC_X%C3%A0o_Gi%C3%B2n_jxrcmq.jpg,50000,"Mì, tôm/mực/thịt bò, cải xanh, cà rốt, bột năng, gia vị",Bữa sáng tiện lợi
4,Bánh Mì Chảo,"Bánh mì ăn kèm chảo trứng ốp la, xúc xích, pate, thịt nguội, bơ, hành tây và sốt cà chua – nóng hổi và hấp dẫn.",https://res.cloudinary.com/dai92e7cq/image/upload/v1746704367/B%C3%A1nh_M%C3%AC_Ch%E1%BA%A3o_qvro2z.jpg,45000,"Bánh mì, trứng, pate, xúc xích, thịt nguội, hành tây, bơ",Bữa sáng tiện lợi
5,Bánh Ướt,"Món bánh ướt mỏng mềm, ăn kèm chả lụa, giá trụng, rau sống, hành phi và nước mắm chua ngọt.",https://res.cloudinary.com/dai92e7cq/image/upload/v1746704367/B%C3%A1nh_%C6%AF%E1%BB%9Bt_rxauhl.jpg,30000,"Bột gạo, chả lụa, giá đỗ, rau sống, hành phi, nước mắm",Bữa sáng tiện lợi
6,Xôi Mặn,"Xôi nếp dẻo ăn kèm chả lụa, lạp xưởng, trứng cút, ruốc, hành phi, nước tương – no lâu và tiện lợi.",https://res.cloudinary.com/dai92e7cq/image/upload/v1746704367/X%C3%B4i_M%E1%BA%B7n_iaderl.jpg,40000,"Gạo nếp, chả lụa, lạp xưởng, trứng cút, ruốc, hành phi",Bữa sáng tiện lợi
7,Bánh Tằm Bì,"Món ăn sáng đặc sản của miền Tây Nam Bộ. Sợi bánh tằm mềm, trắng, dai nhẹ ăn kèm với bì heo. rau sống và nước cốt dừa béo thơm. Món ăn vừa mặn, vừa ngọt, có vị béo nhẹ.",https://res.cloudinary.com/dai92e7cq/image/upload/v1746704366/B%C3%A1nh_T%E1%BA%B1m_B%C3%AC_ca2g9z.jpg,30000,"Bánh tằm (bột gạo), bì heo, nước cốt dừa, rau sống (xà lách, húng quế, giá), dưa leo, nước mắm pha, hành phi.",Bữa sáng tiện lợi
8,Bánh Mì Ốp La,"Món ăn sáng đơn giản và phổ biến với trứng gà ốp la ăn kèm bánh mì nóng giòn. Có thêm pate, bơ, dưa leo, nước tương, hoặc tương ớt để tăng hương vị.",https://res.cloudinary.com/dai92e7cq/image/upload/v1746704366/B%C3%A1nh_M%C3%AC_%E1%BB%90p_La_ovvso2.jpg,30000,"Bánh mì, trứng gà, dầu ăn/bơ, pate (tùy chọn), dưa leo, gia vị (nước tương, muối tiêu, tương ớt).",Bữa sáng tiện lợi
9,Cháo Lòng,"Cháo được nấu từ gạo rang thơm ninh nhừ với nước luộc lòng, ăn kèm các loại lòng heo như dồi, tim, gan, cật, phèo. Món ăn đậm đà, béo nhẹ, có thể rắc thêm hành lá, tiêu xay, rau thơm và ăn kèm quẩy giòn.",https://res.cloudinary.com/dai92e7cq/image/upload/v1746704366/Ch%C3%A1o_L%C3%B2ng_umteyg.jpg,40000,"Gạo, nước luộc lòng, dồi, tim, gan, phèo, hành lá, rau thơm, tiêu, nước mắm, quẩy (tùy chọn).",Bữa sáng tiện lợi
10,Phở Bò,"Nước dùng trong, ngọt thanh được ninh từ xương bò và gia vị như quế, hồi, gừng nướng. Phở ăn kèm bánh phở mềm, thịt bò tái, nạm hoặc gầu, thêm hành lá, rau thơm và chút chanh ớt để đậm vị.",https://res.cloudinary.com/dai92e7cq/image/upload/v1746704366/Ph%E1%BB%9F_B%C3%B2_j3iroc.jpg,60000,"Xương bò, bánh phở, thịt bò (tái, nạm, gầu), hành lá, rau thơm, quế, hồi, gừng, hành tây, chanh, ớt, gia vị",Bữa sáng tiện lợi
11,Bánh Mì Thịt,"Bánh mì baguette giòn rụm, kẹp bên trong là lớp pate béo ngậy, thịt nguội hoặc chả lụa, kèm theo rau dưa chua, dưa leo, rau thơm và nước sốt đặc trưng. Tiện lợi, nhanh gọn và giàu năng lượng.",https://res.cloudinary.com/dai92e7cq/image/upload/v1746704365/B%C3%A1nh_M%C3%AC_Th%E1%BB%8Bt_v4rr7f.jpg,30000,"Bánh mì, pate, chả lụa/thịt nguội, dưa leo, đồ chua (cà rốt, củ cải), rau mùi, nước tương, ớt.",Bữa sáng tiện lợi
12,Bún Riêu,"Món bún nước với hương vị đặc trưng từ riêu cua đồng – vị chua nhẹ từ cà chua và mắm tôm. Ăn kèm đậu hũ chiên, huyết heo, hành lá, rau sống. Vị thanh, chua nhẹ và đậm đà.",https://res.cloudinary.com/dai92e7cq/image/upload/v1746704365/B%C3%BAn_Ri%C3%AAu_hgokko.jpg,50000,"Bún, cua đồng xay, cà chua, đậu hũ, huyết heo, hành lá, mắm tôm, rau sống.",Bữa sáng tiện lợi
13,Bánh Cuốn,"Lớp bánh mỏng làm từ bột gạo tráng mỏng, cuốn nhân thịt băm và mộc nhĩ, ăn kèm chả lụa, hành phi, rau thơm và nước mắm pha. Món ăn nhẹ bụng nhưng đầy hương vị.",https://res.cloudinary.com/dai92e7cq/image/upload/v1746704366/B%C3%A1nh_Cu%E1%BB%91n_wwoapo.jpg,30000,"Bột gạo, thịt heo băm, mộc nhĩ, hành phi, chả lụa, nước mắm chua ngọt, rau sống.",Bữa sáng tiện lợi
14,Bánh Bao,"Bánh bao hấp với lớp vỏ mềm, trắng mịn, nhân thịt heo băm nhuyễn, trứng cút, mộc nhĩ và đôi khi có miến. Tiện lợi, dễ mang đi và có thể ăn nóng bất kỳ lúc nào.",https://res.cloudinary.com/dai92e7cq/image/upload/v1746704366/B%C3%A1nh_Bao_hxhlbo.jpg,30000,"Bột mì, thịt heo, trứng cút, mộc nhĩ, hành khô, gia vị.",Bữa sáng tiện lợi
15,Bún Thịt Nướng,"Bún ăn khô với thịt heo được ướp ngọt rồi nướng than thơm lừng, ăn kèm rau sống, dưa leo, đồ chua và chan nước mắm chua ngọt. Có thể thêm chả giò hoặc nem nướng.",https://res.cloudinary.com/dai92e7cq/image/upload/v1746704366/B%C3%BAn_Th%E1%BB%8Bt_N%C6%B0%E1%BB%9Bng_x0nttg.jpg,45000,"Bún, thịt heo nướng, rau sống, dưa leo, đồ chua, nước mắm pha, hành phi, đậu phộng rang.",Bữa sáng tiện lợi
16,Bánh Canh Cua,"Nổi bật với nước lèo sánh nhẹ, nấu từ cua tươi, xương heo và gạch cua béo ngậy. Sợi bánh canh là bột lọc hoặc bột gạo, có độ dai và mềm vừa phải. Bên trên là chả cua, tôm, trứng cút, rau răm, hành lá và ớt sa tế. ",https://res.cloudinary.com/dai92e7cq/image/upload/v1746704366/B%C3%A1nh_Canh_Cua_xuzaot.jpg,50000,"Bánh canh, cua, gạch cua, chả cua, trứng cút và rau sống ăn kèm",Bữa sáng tiện lợi
17,Súp Cua,"Súp có dạng sánh mịn nhờ bột năng, kết hợp với thịt cua thật, trứng cút, lòng trắng trứng gà khuấy tan, nấm tuyết và ngô ngọt. Được nêm nếm với xíu tiêu, giấm ớt, nước tương và rắc thêm rau ngò hoặc ngò rí để tăng hương vị. ",https://res.cloudinary.com/dai92e7cq/image/upload/v1746704366/S%C3%BAp_Cua_qa09qs.jpg,30000,"Thịt cua, trứng cút, lòng trắng trứng, nấm tuyết, bắp ngọt, bột năng, ngò rí, gia vị.",Bữa sáng tiện lợi
18,Xôi Gà,"Xôi Gà với gạo nếp được đồ chín mềm dẻo, thơm béo từ nước luộc gà hoặc nước cốt dừa. Gà có thể là thịt luộc, xé nhỏ hoặc đùi gà chiên giòn. Topping đi kèm gồm hành phi vàng ruộm, mỡ hành béo, có nơi thêm chà bông, pate hoặc trứng chiên.",https://res.cloudinary.com/dai92e7cq/image/upload/v1746704365/X%C3%B4i_G%C3%A0_wzz88t.jpg,40000,"Gạo nếp, thịt gà (luộc/chiên/xé), hành phi, mỡ hành, nước dừa (tùy nơi), chà bông (tuỳ chọn), gia vị.",Bữa sáng tiện lợi
19,Cháo Sườn,"Gạo được xay nhuyễn rồi nấu với sườn non cho đến khi cháo sánh mịn, thơm béo từ nước hầm xương. Món thường ăn kèm quẩy chiên giòn, rắc tiêu, hành lá, đôi khi có ruốc heo hoặc trứng muối.",https://res.cloudinary.com/dai92e7cq/image/upload/v1746704365/Ch%C3%A1o_S%C6%B0%E1%BB%9Dn_adkuj8.jpg,40000,"Gạo tẻ xay nhuyễn, sườn non, nước hầm xương, hành lá, tiêu, quẩy, gia vị.",Bữa sáng tiện lợi
20,Bún Chả,"Bún ăn kèm chả viên và chả miếng nướng, nước mắm chua ngọt.",https://res.cloudinary.com/dai92e7cq/image/upload/v1746704549/B%C3%BAn_Ch%E1%BA%A3_a0glkw.jpg,45000,"Bún, thịt heo xay, thịt heo miếng, nước mắm, gia vị",Bữa trưa dinh dưỡng
21,Cơm Tấm Sườn,"Cơm gạo tấm ăn kèm sườn heo nướng, bì, chả trứng.",https://res.cloudinary.com/dai92e7cq/image/upload/v1746704549/C%C6%A1m_T%E1%BA%A5m_S%C6%B0%E1%BB%9Dn_v32v3e.jpg,60000,"Gạo tấm, sườn heo, bì heo, trứng, nước mắm",Bữa trưa dinh dưỡng
22,Bún Bò Huế,"Bún nước cay đậm hương sả và mắm ruốc, có giò heo và thịt bò.",https://res.cloudinary.com/dai92e7cq/image/upload/v1746704548/B%C3%BAn_B%C3%B2_Hu%E1%BA%BF_ie4nkb.jpg,50000,"Bún, xương heo, sả, mắm ruốc, thịt bò, giò heo",Bữa trưa dinh dưỡng
23,Cao Lầu,"Mì đặc sản Hội An, nước dùng nhẹ, tóp mỡ, thịt heo và rau sống.",https://res.cloudinary.com/dai92e7cq/image/upload/v1746704548/Cao_L%E1%BA%A7u_zcqewf.jpg,60000,"Mì quảng, nước dùng, tóp mỡ, thịt heo, trứng, rau sống",Bữa trưa dinh dưỡng
24,Cơm Gà Hải Nam,Cơm gà luộc kiểu Hải Nam ăn kèm nước chấm gừng.,https://res.cloudinary.com/dai92e7cq/image/upload/v1746704547/C%C6%A1m_G%C3%A0_H%E1%BA%A3i_Nam_tnruwg.jpg,60000,"Gà luộc, gừng, tỏi, gạo, gia vị",Bữa trưa dinh dưỡng
25,Hủ Tiếu Nam Vang,"Hủ tiếu nước cốt xương, tôm, thịt heo, ăn kèm rau sống.",https://res.cloudinary.com/dai92e7cq/image/upload/v1746704547/H%E1%BB%A7_Ti%E1%BA%BFu_Nam_Vang_xza9dy.jpg,55000,"Hủ tiếu, xương heo, tôm, thịt heo, rau sống",Bữa trưa dinh dưỡng
26,Chả Cá Lã Vọng,"Cá chiên sốt mắm thơm vàng, ăn cùng cơm.",https://res.cloudinary.com/dai92e7cq/image/upload/v1746704547/Ch%E1%BA%A3_C%C3%A1_L%C3%A3_V%E1%BB%8Dng_ibbjey.jpg,35000,"Cá, mắm, đường, tiêu, gia vị",Bữa trưa dinh dưỡng
27,Thịt Kho Tàu,"Thịt ba chỉ kho kèm trứng cút, nước hàng đậm đà.",https://res.cloudinary.com/dai92e7cq/image/upload/v1746704546/Th%E1%BB%8Bt_Kho_T%C3%A0u_hhqhzs.jpg,35000,"Thịt ba chỉ, trứng cút, nước hàng, gia vị",Bữa trưa dinh dưỡng
28,Bò Lúc Lắc,Bò xào chảo nóng với hành tây và ớt xanh.,https://res.cloudinary.com/dai92e7cq/image/upload/v1746704546/B%C3%B2_L%C3%BAc_L%E1%BA%AFc_m7bxeh.jpg,65000,"Thịt bò, hành tây, ớt, tỏi, dầu ăn",Bữa trưa dinh dưỡng
29,Canh Chua,"Canh chua cá lóc với dọc mùng, thơm và cà chua.",https://res.cloudinary.com/dai92e7cq/image/upload/v1746704545/Canh_Chua_lebzwl.jpg,40000,"Cá lóc, dọc mùng, thơm, cà chua, me, gia vị",Bữa trưa dinh dưỡng
30,Cá Kho Tộ,"Cá kho tộ đậm vị nước mắm và tiêu, kho trong niêu đất.",https://res.cloudinary.com/dai92e7cq/image/upload/v1746704545/C%C3%A1_Kho_T%E1%BB%99_kytyfl.jpg,35000,"Cá, mắm, đường, tiêu, hành lá",Bữa trưa dinh dưỡng
31,Mì Quảng,"Mì Quảng đậm vị miền Trung, kèm trứng, tôm, thịt và bánh tráng.",https://res.cloudinary.com/dai92e7cq/image/upload/v1746704545/M%C3%AC_Qu%E1%BA%A3ng_oggnpg.jpg,60000,"Mì quảng, gạo, tôm, thịt, bánh tráng, rau sống",Bữa trưa dinh dưỡng
32,Bún Mắm,"Bún mắm miền Tây, nước dùng mắm đặc trưng, hải sản và rau.",https://res.cloudinary.com/dai92e7cq/image/upload/v1746704544/B%C3%BAn_M%E1%BA%AFm_mf411u.jpg,50000,"Bún, mắm, hải sản, rau sống",Bữa trưa dinh dưỡng
33,Cháo Cá Lóc,"Cháo loãng nấu từ gạo tẻ, cá lóc được làm sạch xương, ăn kèm hành ngò, tiêu và đôi khi có gừng để tăng vị cay ấm.",https://res.cloudinary.com/dai92e7cq/image/upload/v1746704544/Ch%C3%A1o_C%C3%A1_L%C3%B3c_kpyhrf.jpg,50000,"Gạo tẻ, cá lóc, hành, ngò, tiêu, gừng",Bữa trưa dinh dưỡng
34,Cơm Gà Xối Mỡ,"Gà được chiên bằng cách xối mỡ để tạo lớp da vàng bóng, giòn rụm. Cơm chiên mỡ gà thơm phức, thường ăn kèm dưa leo, cà chua, đồ chua và nước mắm tỏi ớt pha chua ngọt.",https://res.cloudinary.com/dai92e7cq/image/upload/v1746704543/C%C6%A1m_G%C3%A0_X%E1%BB%91i_M%E1%BB%A1_bycjc0.jpg,45000,"Đùi gà hoặc cánh gà, gạo tẻ, mỡ gà, tỏi, nước mắm, đường, giấm, dưa leo, đồ chua, hành tím, gia vị.",Bữa trưa dinh dưỡng
35,Mì Xào Hải Sản,"Mì gói được xào kết hợp cùng hải sản tươi như tôm, mực, nghêu và rau cải xanh, hành tây. Món ăn dậy mùi tỏi phi, nước sốt đậm vị, tạo cảm giác vừa thơm vừa ngậy. ",https://res.cloudinary.com/dai92e7cq/image/upload/v1746704543/M%C3%AC_X%C3%A0o_H%E1%BA%A3i_S%E1%BA%A3n_dzmdfn.jpg,40000,"Mì trứng, tôm, mực, hành tây, cải thìa hoặc cải ngọt, tỏi, nước tương, dầu hào, tiêu, gia vị.",Bữa trưa dinh dưỡng
36,Nui Xào Bò,"Nui luộc chín vừa xào cùng thịt bò mềm được ướp gia vị, cà chua và hành tây. Món ăn có vị chua nhẹ từ cà chua, vị ngọt từ thịt và độ dẻo của nui, tạo nên hương vị hài hòa, dễ ăn và dễ tiêu hóa.",https://res.cloudinary.com/dai92e7cq/image/upload/v1746704543/Nui_X%C3%A0o_B%C3%B2_yuceem.jpg,40000,"Nui, thịt bò, cà chua, hành tây, tỏi, nước tương, dầu hào, tiêu, gia vị.",Bữa trưa dinh dưỡng
37,Cơm Chiên Dương Châu,"Cơm được chiên tơi với trứng, cà rốt, đậu Hà Lan, tôm và lạp xưởng. Màu sắc bắt mắt, hương vị đậm đà, ăn kèm nước tương hoặc tương ớt. ",https://res.cloudinary.com/dai92e7cq/image/upload/v1746704542/C%C6%A1m_Chi%C3%AAn_D%C6%B0%C6%A1ng_Ch%C3%A2u_ewsspi.jpg,35000,"Cơm nguội, trứng, tôm, lạp xưởng, cà rốt, đậu Hà Lan, hành lá, tỏi, dầu ăn, nước tương.",Bữa trưa dinh dưỡng
38,Sườn Xào Chua Ngọt,"Sườn non chặt khúc nhỏ, chiên sơ rồi xào với nước sốt chua ngọt làm từ giấm, đường, nước mắm và tương cà. Món ăn có vị chua nhẹ, ngọt dịu, thịt sườn mềm. ",https://res.cloudinary.com/dai92e7cq/image/upload/v1746704542/S%C6%B0%E1%BB%9Dn_X%C3%A0o_Chua_Ng%E1%BB%8Dt_whdqql.jpg,35000,"Sườn non, giấm, đường, nước mắm, tỏi, hành tím, tương cà, nước lọc, gia vị.",Bữa trưa dinh dưỡng
39,Gà Xào Sả Ớt,"Thịt gà được chặt nhỏ, xào săn với sả băm và ớt tươi tạo hương vị cay nồng và thơm phức. Món ăn có màu vàng óng, vị cay the kích thích vị giác.",https://res.cloudinary.com/dai92e7cq/image/upload/v1746704541/G%C3%A0_X%C3%A0o_S%E1%BA%A3_%E1%BB%9At_uuclas.jpg,35000,"Thịt gà (đùi hoặc ức), sả băm, ớt tươi, hành tím, nước mắm, tiêu, đường, dầu ăn, gia vị.",Bữa trưa dinh dưỡng
40,Cơm trắng,"Được nấu từ gạo tẻ thơm, hạt cơm chín đều, dẻo nhẹ nhưng không nhão, giữ nguyên hương vị tự nhiên của gạo.",https://res.cloudinary.com/dai92e7cq/image/upload/v1746704541/C%C6%A1m_tr%E1%BA%AFng_dulgge.jpg,5000,"Gạo tẻ (loại thơm ngon như ST25, gạo nàng thơm), nước lọc, một ít muối (nếu cần).",Bữa trưa dinh dưỡng
41,Cà phê sữa đá,"Cà phê pha phin truyền thống, hòa cùng sữa đặc béo ngậy, đá mát lạnh, vị đậm đà đặc trưng – thức uống sáng khoái, đậm chất Việt Nam.",https://res.cloudinary.com/dai92e7cq/image/upload/v1746704699/C%C3%A0_ph%C3%AA_s%E1%BB%AFa_%C4%91%C3%A1_yhyd4e.jpg,25000,"Cà phê phin, sữa đặc, đá",Đồ uống tươi mát
42,Cà phê đen đá,"Cà phê phin nguyên chất, không đường, vị đắng sâu và thơm nồng, pha với đá lạnh – lựa chọn lý tưởng cho người yêu vị cà phê nguyên bản.",https://res.cloudinary.com/dai92e7cq/image/upload/v1746704699/C%C3%A0_ph%C3%AA_%C4%91en_%C4%91%C3%A1_khv2ue.jpg,20000,"Cà phê phin, nước nóng, đá",Đồ uống tươi mát
43,Cà phê trứng,"Cà phê nóng kết hợp lòng đỏ trứng đánh bông với đường và sữa, tạo lớp kem béo mịn, thơm ngậy – món uống độc đáo nổi tiếng từ Hà Nội.",https://res.cloudinary.com/dai92e7cq/image/upload/v1746704698/C%C3%A0_ph%C3%AA_tr%E1%BB%A9ng_k01xnm.jpg,40000,"Cà phê phin, lòng đỏ trứng, sữa đặc",Đồ uống tươi mát
44,Trà đá,"Trà xanh pha loãng, thêm đá mát lạnh, vị thanh nhẹ – giải khát đơn giản, phổ biến từ quán cóc đến nhà hàng.",https://res.cloudinary.com/dai92e7cq/image/upload/v1746704697/Tr%C3%A0_%C4%91%C3%A1_zwwyhj.jpg,10000,"Trà xanh hoặc trà đen, nước, đá",Đồ uống tươi mát
45,Trà đào,"Trà đen ngọt nhẹ kết hợp miếng đào ngâm giòn thơm, vị trái cây hài hòa – thức uống dễ uống, được giới trẻ yêu thích.",https://res.cloudinary.com/dai92e7cq/image/upload/v1746704697/Tr%C3%A0_%C4%91%C3%A0o_zsj8ys.jpg,25000,"Trà đen, siro đào, đào ngâm, đường, đá",Đồ uống tươi mát
46,Trà tắc (quất),"Trà xanh pha tắc tươi, thêm chút đường và đá lạnh, vị chua nhẹ, thanh mát – giúp giải nhiệt, tốt cho tiêu hóa.",https://res.cloudinary.com/dai92e7cq/image/upload/v1746704696/Tr%C3%A0_t%E1%BA%AFc_qu%E1%BA%A5t_bkjxob.jpg,25000,"Trà đen, tắc (quất), đường, đá",Đồ uống tươi mát
47,Nước mía,"Nước mía ép tươi từ cây mía nguyên chất, ngọt thanh, mát lạnh – giúp giải khát nhanh chóng trong những ngày nắng nóng.",https://res.cloudinary.com/dai92e7cq/image/upload/v1746704695/N%C6%B0%E1%BB%9Bc_m%C3%ADa_gkkjjs.jpg,20000,"Mía tươi, đá",Đồ uống tươi mát
48,Nước dừa tươi,"Nước dừa xiêm mát lạnh, thanh ngọt tự nhiên, cung cấp điện giải và dưỡng chất – thức uống bổ dưỡng, tốt cho sức khỏe.",https://res.cloudinary.com/dai92e7cq/image/upload/v1746704694/N%C6%B0%E1%BB%9Bc_d%E1%BB%ABa_t%C6%B0%C6%A1i_iapfd5.jpg,30000,"Dừa tươi, đá",Đồ uống tươi mát
49,Sữa đậu nành,"Đậu nành xay nhuyễn, nấu chín và lọc kỹ, vị béo nhẹ, thơm dịu – giàu đạm thực vật, phù hợp mọi lứa tuổi.",https://res.cloudinary.com/dai92e7cq/image/upload/v1746704694/S%E1%BB%AFa_%C4%91%E1%BA%ADu_n%C3%A0nh_qvpj8q.jpg,20000,"Sữa đậu nành, đường, đá",Đồ uống tươi mát
50,Nước rau má,"Rau má tươi xay nhuyễn, pha loãng và thêm đường nhẹ, vị hơi đắng nhưng mát gan, giải nhiệt và làm đẹp da.",https://res.cloudinary.com/dai92e7cq/image/upload/v1746704693/N%C6%B0%E1%BB%9Bc_rau_m%C3%A1_ojc3wl.jpg,25000,"Rau má, đường, đá",Đồ uống tươi mát
51,Sinh tố bơ,"Bơ sáp chín xay cùng sữa đặc, sữa tươi và đá, sánh mịn, béo thơm – món uống giàu năng lượng và vitamin.",https://res.cloudinary.com/dai92e7cq/image/upload/v1746704692/Sinh_t%E1%BB%91_b%C6%A1_cn8cjl.jpg,35000,"Bơ chín, sữa đặc, đá",Đồ uống tươi mát
52,Sinh tố xoài,"Xoài chín xay nhuyễn với sữa và đá, ngọt thanh, chua nhẹ – món sinh tố hấp dẫn, tốt cho tiêu hóa và làn da.",https://res.cloudinary.com/dai92e7cq/image/upload/v1746704691/Sinh_t%E1%BB%91_xo%C3%A0i_iyarrt.jpg,35000,"Xoài chín, sữa đặc, đá",Đồ uống tươi mát
53,Sinh tố dâu,"Dâu tây tươi xay cùng sữa, vị chua ngọt hài hòa, màu sắc bắt mắt – thức uống bổ sung vitamin C, giúp làm đẹp da.",https://res.cloudinary.com/dai92e7cq/image/upload/v1746704691/Sinh_t%E1%BB%91_d%C3%A2u_akgwwy.jpg,40000,"Dâu tây, sữa đặc, đá",Đồ uống tươi mát
54,Nước ép cam,"Cam tươi vắt trực tiếp, không chất bảo quản, vị ngọt mát giàu vitamin C – giúp tăng sức đề kháng và làm dịu cổ họng.",https://res.cloudinary.com/dai92e7cq/image/upload/v1746704690/N%C6%B0%E1%BB%9Bc_%C3%A9p_cam_cqxm2f.jpg,30000,"Cam tươi, mật ong (tùy chọn), đá",Đồ uống tươi mát
55,Nước ép dưa hấu,"Dưa hấu đỏ mọng xay mịn, lọc kỹ, vị ngọt thanh tự nhiên – thức uống mát lành, giải nhiệt và bổ sung nước hiệu quả.",https://res.cloudinary.com/dai92e7cq/image/upload/v1746704689/N%C6%B0%E1%BB%9Bc_%C3%A9p_d%C6%B0a_h%E1%BA%A5u_byvrxg.jpg,25000,"Dưa hấu, đường (tùy chọn), đá",Đồ uống tươi mát
56,Nước ép cà rốt,"Cà rốt tươi ép lấy nước, thêm chút đường hoặc cam, vị ngọt nhẹ – giàu vitamin A, tốt cho mắt và làn da.",https://res.cloudinary.com/dai92e7cq/image/upload/v1746704689/N%C6%B0%E1%BB%9Bc_%C3%A9p_c%C3%A0_r%E1%BB%91t_x5l5lo.jpg,30000,"Cà rốt, táo hoặc cam, đá",Đồ uống tươi mát
57,Nước ép cần tây,"Cần tây ép tươi nguyên chất, vị đặc trưng hơi hăng nhẹ, thường kết hợp táo hoặc dưa leo – detox cơ thể, giảm mỡ, làm đẹp da.",https://res.cloudinary.com/dai92e7cq/image/upload/v1746704688/N%C6%B0%E1%BB%9Bc_%C3%A9p_c%E1%BA%A7n_t%C3%A2y_ja9amf.jpg,35000,"Cần tây, táo hoặc dứa (tùy chọn), đá",Đồ uống tươi mát
58,Nước ép táo,"Táo tươi ép nguyên chất, không chất bảo quản, vị ngọt thanh nhẹ – thức uống giàu chất chống oxy hóa, tốt cho tim mạch và hệ tiêu hóa.",https://res.cloudinary.com/dai92e7cq/image/upload/v1746704688/N%C6%B0%E1%BB%9Bc_%C3%A9p_t%C3%A1o_lcoivg.jpg,30000,"Táo tươi, cà rốt (tùy chọn), đá",Đồ uống tươi mát
59,Nước ép dứa (thơm),"Dứa chín ép lấy nước, vị chua ngọt tự nhiên, thêm đá mát lạnh – giàu enzyme bromelain, hỗ trợ tiêu hóa và kháng viêm.",https://res.cloudinary.com/dai92e7cq/image/upload/v1746704687/N%C6%B0%E1%BB%9Bc_%C3%A9p_d%E1%BB%A9a_th%C6%A1m_cc7kbj.jpg,25000,"Dứa tươi, đường (tùy chọn), đá",Đồ uống tươi mát
60,Nước ép chanh leo,"Chanh leo chua nhẹ pha loãng với đường, lọc hạt, thơm đặc trưng – thức uống mát lạnh giúp giải nhiệt và tăng sức đề kháng.",https://res.cloudinary.com/dai92e7cq/image/upload/v1746704686/N%C6%B0%E1%BB%9Bc_%C3%A9p_chanh_leo_j8vklf.jpg,25000,"Chanh leo, đường, đá",Đồ uống tươi mát
61,Gỏi Cuốn,"Gỏi cuốn là món cuốn mát lạnh gồm tôm, thịt, bún và rau sống gói trong bánh tráng mỏng, chấm mắm nêm hoặc nước tương đậu phộng, mang hương vị thanh đạm, tươi ngon và dễ ăn.",https://res.cloudinary.com/dai92e7cq/image/upload/v1746705449/G%E1%BB%8Fi_Cu%E1%BB%91n_nhejvm.jpg,30000,"Bánh tráng, tôm, thịt heo, bún, rau sống, đậu phộng",Snack bar
62,Bánh Xèo,"Bánh xèo vàng giòn với nhân tôm, thịt, giá đỗ, được đổ trên chảo nóng, ăn kèm rau sống và nước mắm pha chua ngọt – món ăn dân dã nhưng đậm đà vị miền Nam.",https://res.cloudinary.com/dai92e7cq/image/upload/v1746705420/B%C3%A1nh_X%C3%A8o_brtb69.jpg,20000,"Bột gạo, tôm, thịt heo, giá đỗ, dầu ăn",Snack bar
63,Nem Rán,"Nem rán (chả giò) cuốn bằng bánh đa nem, nhân thịt băm, miến, mộc nhĩ, cà rốt rồi chiên giòn, thơm phức, chấm nước mắm pha – món ngon truyền thống không thể thiếu trong mâm cơm Việt.",https://res.cloudinary.com/dai92e7cq/image/upload/v1746705420/Nem_R%C3%A1n_c5hec2.jpg,30000,"Bánh tráng, thịt heo xay, miến, nấm mèo, cà rốt",Snack bar
64,Bánh Khọt,"Bánh khọt nhỏ tròn được đúc từ bột gạo, nhân tôm tươi, bên trên là mỡ hành, chiên giòn, ăn kèm rau sống và nước mắm – món ăn đường phố đậm vị miền Tây.",https://res.cloudinary.com/dai92e7cq/image/upload/v1746705419/B%C3%A1nh_Kh%E1%BB%8Dt_svyssk.jpg,20000,"Bột gạo, tôm, dầu ăn, hành lá",Snack bar
65,Bánh Bèo,"Bánh bèo chén nhỏ, làm từ bột gạo hấp chín, bên trên rắc tôm cháy, hành phi và tóp mỡ, dùng kèm nước mắm pha – vị bùi, béo, mặn ngọt hòa quyện hấp dẫn.",https://res.cloudinary.com/dai92e7cq/image/upload/v1746705418/B%C3%A1nh_B%C3%A8o_ywhhbh.jpg,20000,"Bột gạo, tôm, thịt, hành phi",Snack bar
66,Bánh Nậm,"Bánh nậm mỏng dẹt, gói lá chuối, làm từ bột gạo pha loãng, nhân tôm thịt băm nhuyễn, hấp chín mềm mịn, ăn kèm nước mắm – món Huế giản dị nhưng thơm ngon.",https://res.cloudinary.com/dai92e7cq/image/upload/v1746705417/B%C3%A1nh_N%E1%BA%ADm_xczagm.jpg,30000,"Bột gạo, tôm, thịt, gói lá dong, gia vị",Snack bar
67,Bánh Tôm,"Bánh tôm chiên giòn với vỏ bột bọc ngoài con tôm tươi, vàng ruộm và giòn rụm, thường ăn kèm rau sống và nước mắm chua ngọt – nổi bật nhất ở Hồ Tây, Hà Nội.",https://res.cloudinary.com/dai92e7cq/image/upload/v1746705416/B%C3%A1nh_T%C3%B4m_vxgrsn.jpg,40000,"Tôm, bột mì, hành, gia vị",Snack bar
68,Bánh Tro,"Bánh tro (bánh ú tro) làm từ nếp ngâm nước tro rơm, gói bằng lá dong, luộc chín, có vị thanh mát và hơi dẻo dai, thường dùng kèm mật mía trong dịp Tết Đoan Ngọ.",https://res.cloudinary.com/dai92e7cq/image/upload/v1746705416/B%C3%A1nh_Tro_qelsx6.jpg,25000,"Bột tro, gạo nếp, nước vôi, gia vị",Snack bar
69,Mì Cay Hàn Quốc,"Mì Hàn với nước súp cay đỏ, thêm xúc xích, cá viên, trứng gà, nấm kim châm và phô mai – thường được yêu thích bởi giới trẻ.",https://res.cloudinary.com/dai92e7cq/image/upload/v1746705414/M%C3%AC_Cay_H%C3%A0n_Qu%E1%BB%91c_jldpsd.jpg,70000,"Mì gói Hàn, xúc xích, trứng, nấm, phô mai, ớt Hàn",Snack bar
70,Bánh Tráng Trộn,"Bánh tráng khô cắt sợi, trộn cùng các nguyên liệu phong phú như bò khô xé sợi, trứng cút luộc, xoài xanh bào sợi, rau răm thơm lừng, đậu phộng rang giòn, mỡ hành và nước sốt me chua ngọt và tất cả được trộn đều tạo ra một món ăn rất bắt miệng. ",https://res.cloudinary.com/dai92e7cq/image/upload/v1746705414/B%C3%A1nh_Tr%C3%A1ng_Tr%E1%BB%99n_ampqcp.jpg,30000,"Bánh tráng khô, bò khô, xoài xanh, trứng cút, rau răm, mỡ hành, đậu phộng, muối tôm, nước sốt me, hành phi, ớt sate.",Snack bar
71,Xúc Xích Nướng,"Xúc xích hun khói được nướng trực tiếp trên than hồng hoặc máy nướng, làm dậy mùi thơm đặc trưng. Ăn kèm với tương ớt, tương cà hoặc sốt phô mai.",https://res.cloudinary.com/dai92e7cq/image/upload/v1746705411/X%C3%BAc_X%C3%ADch_N%C6%B0%E1%BB%9Bng_yhtgld.jpg,20000,"Xúc xích (heo/gà), dầu ăn, tương ớt, tương cà, sốt phô mai (tuỳ chọn), que tre.",Snack bar
72,Bánh Mì Que Pate,"Loại bánh mì nhỏ, dài, có vỏ giòn rụm, được phết pate thơm béo và tương ớt sate cay nồng. Món này có thể thêm phô mai tan chảy để tăng độ hấp dẫn. ",https://res.cloudinary.com/dai92e7cq/image/upload/v1746705411/B%C3%A1nh_M%C3%AC_Que_Pate_cwgqe2.jpg,20000,"Bánh mì que, pate gan heo, sate ớt, phô mai.",Snack bar
73,Bánh Gạo Cay (Tokbokki),"Bánh gạo dẻo mềm, được nấu trong sốt cay ngọt từ tương ớt Hàn Quốc, ăn kèm chả cá, trứng luộc và hành boa rô. Món ăn có vị cay nồng, ngọt dịu và độ dẻo từ bánh gạo",https://res.cloudinary.com/dai92e7cq/image/upload/v1746705411/B%C3%A1nh_G%E1%BA%A1o_Cay_Tokbokki_zq7eq6.jpg,40000,"Bánh gạo Hàn Quốc, gochujang, đường, nước tương, chả cá, trứng, hành boa rô, mè rang.",Snack bar
74,Phô Mai Que,"Phô mai mozzarella cắt thành thanh, bọc lớp bột chiên giòn và chiên ngập dầu đến khi vàng. Khi cắn vào, phô mai tan chảy kéo sợi dài hấp dẫn",https://res.cloudinary.com/dai92e7cq/image/upload/v1746705410/Ph%C3%B4_Mai_Que_monnbh.jpg,20000,"Phô mai mozzarella, bột mì, bột chiên xù, trứng, dầu ăn.",Snack bar
75,Trứng Cút Lộn Xào Me,"Trứng cút lộn được luộc chín rồi xào với sốt me chua cay ngọt. Thêm rau răm, đậu phộng rang và hành phi, tạo nên hương vị đậm đà, thơm béo. ",https://res.cloudinary.com/dai92e7cq/image/upload/v1746705410/Tr%E1%BB%A9ng_C%C3%BAt_L%E1%BB%99n_X%C3%A0o_Me_kvyia5.jpg,30000,"Trứng cút lộn, nước me, đường, nước mắm, rau răm, hành phi, đậu phộng, ớt.",Snack bar
76,Khoai tây chiên,"Khoai tây được cắt thanh dài hoặc lát mỏng, chiên ngập dầu đến khi vàng giòn bên ngoài, mềm bùi bên trong. Thường ăn kèm tương cà, tương ớt hoặc phô mai, là món ăn vặt khoái khẩu của mọi lứa tuổi.",https://res.cloudinary.com/dai92e7cq/image/upload/v1746704716/Khoai_t%C3%A2y_chi%C3%AAn_bsjiah.jpg,20000,"Khoai tây, dầu ăn, muối, tương cà",Snack bar
77,Bánh tráng trộn + Trà tắc,"Bánh tráng cắt sợi trộn xoài xanh, trứng cút, khô bò, rau răm và sốt me cay ngọt, dùng kèm ly trà tắc mát lạnh, giúp cân bằng vị giác và giải nhiệt.",https://res.cloudinary.com/dai92e7cq/image/upload/v1746704562/B%C3%A1nh_tr%C3%A1ng_tr%E1%BB%99n_Tr%C3%A0_t%E1%BA%AFc_numnbj.jpg,50000,,Combo tiện lợi
78,Xúc xích nướng + Khoai tây chiên,"Xúc xích hun khói nướng thơm lừng kết hợp khoai tây chiên giòn vàng, chấm kèm tương ớt cay nhẹ – món ăn nhanh tiện lợi, phù hợp mọi lứa tuổi.",https://res.cloudinary.com/dai92e7cq/image/upload/v1746704562/X%C3%BAc_x%C3%ADch_n%C6%B0%E1%BB%9Bng_Khoai_t%C3%A2y_chi%C3%AAn_brzgdg.jpg,30000,,Combo tiện lợi
79,Bánh mì que pate + Sữa đậu nành,"Bánh mì que vỏ giòn phết pate đậm vị, thêm chút sate cay, ăn kèm sữa đậu nành béo nhẹ – bữa sáng gọn nhẹ, đầy năng lượng.",https://res.cloudinary.com/dai92e7cq/image/upload/v1746704561/B%C3%A1nh_m%C3%AC_que_pate_S%E1%BB%AFa_%C4%91%E1%BA%ADu_n%C3%A0nh_omvvme.jpg,30000,,Combo tiện lợi
80,Tokbokki + Trà đào,"Bánh gạo Hàn Quốc mềm dẻo nấu sốt cay ngọt đậm đà, đi cùng ly trà đào thơm dịu, mát lạnh – món ăn vặt nổi bật không thể bỏ lỡ.",https://res.cloudinary.com/dai92e7cq/image/upload/v1746704561/Tokbokki_Tr%C3%A0_%C4%91%C3%A0o_gkqiwu.jpg,55000,,Combo tiện lợi
81,Nem rán + Phô mai que,"Nem cuộn thịt chiên vàng giòn bên ngoài, dẻo thơm bên trong, kết hợp phô mai kéo sợi béo ngậy",https://res.cloudinary.com/dai92e7cq/image/upload/v1746704560/Nem_r%C3%A1n_Ph%C3%B4_mai_que_cqi8o7.jpg,40000,,Combo tiện lợi
82,Bánh mì ốp la + Trà đá,"Ổ bánh mì giòn kẹp trứng ốp la lòng đào béo ngậy, thêm chút muối tiêu hoặc tương ớt, dùng kèm trà đá mát lạnh – bữa sáng đơn giản nhưng tròn vị và tiện lợi.",https://res.cloudinary.com/dai92e7cq/image/upload/v1746704559/B%C3%A1nh_m%C3%AC_%E1%BB%91p_la_Tr%C3%A0_%C4%91%C3%A1_ymvsgk.jpg,35000,,Combo tiện lợi
83,Bánh mì chảo + Cà phê trứng,"Chảo bánh mì nóng hổi gồm pate, trứng ốp, xúc xích và sốt cà đậm đà, ăn kèm bánh mì. Uống cùng cà phê trứng béo mịn – bữa sáng đầy năng lượng, đậm chất Việt.",https://res.cloudinary.com/dai92e7cq/image/upload/v1746704558/B%C3%A1nh_m%C3%AC_ch%E1%BA%A3o_C%C3%A0_ph%C3%AA_tr%E1%BB%A9ng_vs9gco.jpg,70000,,Combo tiện lợi
84,Bánh khọt + Nước rau má,"Bánh khọt giòn rụm, nhân tôm tươi và mỡ hành, ăn cùng rau sống và nước mắm chua ngọt. Kèm ly rau má thanh mát, giúp cân bằng vị và giải nhiệt hiệu quả",https://res.cloudinary.com/dai92e7cq/image/upload/v1746704558/B%C3%A1nh_kh%E1%BB%8Dt_N%C6%B0%E1%BB%9Bc_rau_m%C3%A1_kwrtpp.jpg,45000,,Combo tiện lợi
85,Bánh xèo + Nước mía,"Bánh xèo vàng giòn nhân tôm thịt, giá đỗ, ăn kèm rau sống cuốn bánh, chấm nước mắm pha. Kèm ly nước mía ngọt dịu mát lạnh – combo đậm chất miền Nam.",https://res.cloudinary.com/dai92e7cq/image/upload/v1746704558/B%C3%A1nh_x%C3%A8o_N%C6%B0%E1%BB%9Bc_m%C3%ADa_meavde.jpg,35000,,Combo tiện lợi
86,Gỏi cuốn + Sinh tố bơ,"Gỏi cuốn tôm thịt cuộn rau sống và bún mềm mịn, chấm mắm nêm đậm đà. Dùng cùng sinh tố bơ sánh mịn, béo ngậy – combo thanh mát, dinh dưỡng.",https://res.cloudinary.com/dai92e7cq/image/upload/v1746704557/G%E1%BB%8Fi_cu%E1%BB%91n_Sinh_t%E1%BB%91_b%C6%A1_wmlo5c.jpg,60000,,Combo tiện lợi
87,Mì cay Hàn Quốc + Nước ép trái cây,"Mì Hàn sợi to dai với nước dùng cay nồng, kèm xúc xích, bò, hải sản và rau. Giải nhiệt bằng ly nước ép trái cây tươi – vừa no vừa cân bằng vị cay.",https://res.cloudinary.com/dai92e7cq/image/upload/v1746704557/M%C3%AC_cay_H%C3%A0n_Qu%E1%BB%91c_N%C6%B0%E1%BB%9Bc_%C3%A9p_tr%C3%A1i_c%C3%A2y_jgjrem.jpg,110000,,Combo tiện lợi
88,Xôi mặn + Nước dừa tươi,"Xôi nếp dẻo thơm phủ chả lụa, thịt kho, hành phi và trứng muối, đậm đà và no lâu. Uống kèm nước dừa tươi mát lạnh – bữa sáng tiện lợi và bổ dưỡng.",https://res.cloudinary.com/dai92e7cq/image/upload/v1746704556/X%C3%B4i_m%E1%BA%B7n_N%C6%B0%E1%BB%9Bc_d%E1%BB%ABa_t%C6%B0%C6%A1i_qan5vy.jpg,85000,,Combo tiện lợi
89,Bánh bao + Nước ép trái cây,"Bánh bao nhân thịt heo trứng cút hấp nóng, mềm thơm. Uống cùng nước ép trái cây tươi nguyên chất – bữa ăn nhẹ nhàng nhưng giàu năng lượng và dinh dưỡng.",https://res.cloudinary.com/dai92e7cq/image/upload/v1746704556/B%C3%A1nh_bao_N%C6%B0%E1%BB%9Bc_%C3%A9p_tr%C3%A1i_c%C3%A2y_djppcn.jpg,80000,,Combo tiện lợi